"Profile","Id","Path","Slice Name","Alias(s)","Label","Min","Max","Must Support?","Is Modifier?","Is Summary?","Type(s)","Short","Definition","Comments","Requirements","Default Value","Meaning When Missing","Fixed Value","Pattern","Example","Minimum Value","Maximum Value","Maximum Length","Binding Strength","Binding Description","Binding Value Set","Code","Slicing Discriminator","Slicing Description","Slicing Ordered","Slicing Rules","Base Path","Base Min","Base Max","Condition(s)","Constraint(s)"
"ror-entite-geographique","ror-entite-geographique","ror-entite-geographique","","","",0,*,"","","","null {[]} {[]}
","ROR - Entité Géographique","Spécialisation ROR du modèle MOS EntiteGeographique. Ajoute des éléments de géolocalisation et de contact opérationnel propres au ROR.","","","","","","","","","",,,,,"",,,,"Base",0,*,"",""
"ror-entite-geographique","ror-entite-geographique.numFINESS","ror-entite-geographique.numFINESS","","","",0,1,"","","","Identifier {[]} {[]}
","Numéro FINESS de l'entité géographique.Le numéro FINESS étant porteur intrinsèquement de liens avec le domaine sanitaire ou le domaine médico-social, il est, s'il existe, à privilégier pour l’identification des entités géographiques en tant qu’acteurs sanitaires et médico-sociaux par rapport au numéro SIRET (Référentiel d’identification des acteurs sanitaires et médico-sociaux - Politique Générale de Sécurité des Systèmes d’Information de Santé (PGSSI-S)).A chaque EG (établissement) est attribué un numéro FINESS qui est composé de 9 caractères numériques, tels que :** Position 1-2 : numéro du département d'implantation (""2A"", ""2B"" pour la Corse; ""97"" pour les départements d’Outre-mer; ""98"" pour Mayotte);** Position 3 : ""0"";** Position 4-8: ""1"" pour Guadeloupe, ""2"" pour Martinique, ""3"" pour Guyane, ""4"" pour Réunion, ""5"" pour Saint-Pierre-et-Miquelon + numéro d'ordre de 4 chiffres;** Position 4-8 : numéro d’ordre de 5 chiffres pour tous les autres départements;** Position 9 : clé de Luhn calculée automatiquement.","Numéro FINESS de l'entité géographique.Le numéro FINESS étant porteur intrinsèquement de liens avec le domaine sanitaire ou le domaine médico-social, il est, s'il existe, à privilégier pour l’identification des entités géographiques en tant qu’acteurs sanitaires et médico-sociaux par rapport au numéro SIRET (Référentiel d’identification des acteurs sanitaires et médico-sociaux - Politique Générale de Sécurité des Systèmes d’Information de Santé (PGSSI-S)).A chaque EG (établissement) est attribué un numéro FINESS qui est composé de 9 caractères numériques, tels que :** Position 1-2 : numéro du département d'implantation (""2A"", ""2B"" pour la Corse; ""97"" pour les départements d’Outre-mer; ""98"" pour Mayotte);** Position 3 : ""0"";** Position 4-8: ""1"" pour Guadeloupe, ""2"" pour Martinique, ""3"" pour Guyane, ""4"" pour Réunion, ""5"" pour Saint-Pierre-et-Miquelon + numéro d'ordre de 4 chiffres;** Position 4-8 : numéro d’ordre de 5 chiffres pour tous les autres départements;** Position 9 : clé de Luhn calculée automatiquement.","","","","","","","","","",,,,,"",,,,"EntiteGeographique.numFINESS",0,1,"",""
"ror-entite-geographique","ror-entite-geographique.numSiret","ror-entite-geographique.numSiret","","","",0,1,"","","","Identifier {[]} {[]}
","Le numéro Siret est le numéro unique d'identification, attribué par l'INSEE, à chaque entité géographique.Ce numéro est un simple numéro d'ordre, composé de 14 chiffres non significatifs:   ** les 9 chiffres du numéro Siren de l'entreprise dont l'établissement dépend, suivis des 5 chiffres du numéro interne de classement (NIC), lui-même constitué de 4 chiffres complétés d'une clé de Luhn.Le numéro Siret n'a aucun lien avec les caractéristiques de l'établissement. Il est fermé quand l'activité cesse dans l'établissement concerné ou lorsque l'établissement change d'adresse.","Le numéro Siret est le numéro unique d'identification, attribué par l'INSEE, à chaque entité géographique.Ce numéro est un simple numéro d'ordre, composé de 14 chiffres non significatifs:   ** les 9 chiffres du numéro Siren de l'entreprise dont l'établissement dépend, suivis des 5 chiffres du numéro interne de classement (NIC), lui-même constitué de 4 chiffres complétés d'une clé de Luhn.Le numéro Siret n'a aucun lien avec les caractéristiques de l'établissement. Il est fermé quand l'activité cesse dans l'établissement concerné ou lorsque l'établissement change d'adresse.","","","","","","","","","",,,,,"",,,,"EntiteGeographique.numSiret",0,1,"",""
"ror-entite-geographique","ror-entite-geographique.identifiantEG","ror-entite-geographique.identifiantEG","","","",1,1,"","","","Identifier {[]} {[]}
","Identifiant national de l'entité géographique dans le ROR","Identifiant spécifique généré par le RPPS ou ADELI lors de la création d'une structure d'exercice pour un cabinet individuel et un cabinet de groupe. Il est communément connu sous le nom de RPPS-rang ou ADELI-rang :- le RPPS-rang, de 14 caractères, est formé des 11 caractères de l’identifiant RPPS du titulaire du cabinet, suivi d’un numéro d’ordre sur 2 caractères et d’une clé de Luhn (1 caractère) ;- l’ADELI-rang, de 11 caractères, est formé des 9 caractères du numéro ADELI du titulaire du cabinet suivi d’un numéro d’ordre sur 2 caractères.Cet identifiant est utilisé dans les échanges techniques entre le RPPS ou ADELI avec le FNPS de la CNAM, se substituant ainsi au numéro de SIRET dans le cas où ce dernier n'est pas encore connu du RPPS ou d’ADELI.Synonyme : numEG_RPPS_ADELI","","","","","","","","","",,,,,"",,,,"EntiteGeographique.identifiantEG",0,1,"",""
"ror-entite-geographique","ror-entite-geographique.idNatStruct","ror-entite-geographique.idNatStruct","","","",0,1,"","","","Identifier {[]} {[]}
","Identification nationale de l'Entité géographique initiée pour les besoins du SI-CPS.Cette identification est obtenue par la concaténation du type d'identifiant national de structure (provenant de la nomenclature CodeSystem-TRE-G07-TypeIdentifiantStructure) et de l'identifiant de la structure:** 0 + Identifiant cabinet ADELI (identifiantEG);** 1 + N° FINESS (entité juridique et entité géographique indéterminées);** 3 + N° SIRET;** 4 + Identifiant cabinet RPPS (identifiantEG).Synonyme : Struct_IdNat (CI-SIS)","Identification nationale de l'Entité géographique initiée pour les besoins du SI-CPS.Cette identification est obtenue par la concaténation du type d'identifiant national de structure (provenant de la nomenclature CodeSystem-TRE-G07-TypeIdentifiantStructure) et de l'identifiant de la structure:** 0 + Identifiant cabinet ADELI (identifiantEG);** 1 + N° FINESS (entité juridique et entité géographique indéterminées);** 3 + N° SIRET;** 4 + Identifiant cabinet RPPS (identifiantEG).Synonyme : Struct_IdNat (CI-SIS)","","","","","","","","","",,,,,"",,,,"EntiteGeographique.idNatStruct",0,1,"",""
"ror-entite-geographique","ror-entite-geographique.typeIdNatStruct","ror-entite-geographique.typeIdNatStruct","","","",0,1,"","","","Coding {[]} {[]}
","Type d’identifiant national de la structure.","Type d’identifiant national de la structure.","","","","","","","","","",,"preferred","","https://mos.esante.gouv.fr/NOS/TRE_G07-TypeIdentifiantStructure/FHIR/TRE-G07-TypeIdentifiantStructure?vs","",,,,"EntiteGeographique.typeIdNatStruct",0,1,"",""
"ror-entite-geographique","ror-entite-geographique.numeroEducationNationale","ror-entite-geographique.numeroEducationNationale","","","",0,1,"","","","string {[]} {[]}
","Le ""numéro éducation nationale de l'établissement"" est un numéro associé délivré par l’Éducation nationale, pour tous les établissements et services pour enfants et adolescents handicapés qui emploient du personnel de l’Education nationale.","Le ""numéro éducation nationale de l'établissement"" est un numéro associé délivré par l’Éducation nationale, pour tous les établissements et services pour enfants et adolescents handicapés qui emploient du personnel de l’Education nationale.","","","","","","","","","",,,,,"",,,,"EntiteGeographique.numeroEducationNationale",0,1,"",""
"ror-entite-geographique","ror-entite-geographique.nomOperationnel","ror-entite-geographique.nomOperationnel","","","",1,1,"","","","string {[]} {[]}
","Nom opérationnel affiché dans le ROR","Le nom opérationnel est l’appellation communément utilisée par les acteurs de santé pour désigner l'entité géographique, indépendamment des référentiels nationaux.","","","","","","","","","",,,,,"",,,,"EntiteGeographique.nomOperationnel",0,1,"",""
"ror-entite-geographique","ror-entite-geographique.denominationEG","ror-entite-geographique.denominationEG","","","",0,1,"","","","string {[]} {[]}
","Nom sous lequel l'entité géographique exerce son activité. Il s’agit, par exemple, de l’enseigne commerciale pour les pharmacies. Dans le cas d'un établissement enregistré dans le FINESS, cet attribut correspond à la notion de ""raison sociale d'un établissement"" renseignée dans le FINESS.","Nom sous lequel l'entité géographique exerce son activité. Il s’agit, par exemple, de l’enseigne commerciale pour les pharmacies. Dans le cas d'un établissement enregistré dans le FINESS, cet attribut correspond à la notion de ""raison sociale d'un établissement"" renseignée dans le FINESS.","","","","","","","","","",,,,,"",,,,"EntiteGeographique.denominationEG",0,1,"",""
"ror-entite-geographique","ror-entite-geographique.denominationEGLongue","ror-entite-geographique.denominationEGLongue","","","",0,1,"","","","string {[]} {[]}
","Nom, sous sa forme la plus longue et complète, sous lequel l'entité géographique exerce son activité (acronymes, sigles ou abréviations développés).","Nom, sous sa forme la plus longue et complète, sous lequel l'entité géographique exerce son activité (acronymes, sigles ou abréviations développés).","","","","","","","","","",,,,,"",,,,"EntiteGeographique.denominationEGLongue",0,1,"",""
"ror-entite-geographique","ror-entite-geographique.complementDenominationEG","ror-entite-geographique.complementDenominationEG","","","",0,1,"","","","string {[]} {[]}
","Suite de la dénomination de l'entité géographique, si elle existe. Ce complément peut contenir notamment des informations facilitant l'adressage d'un courrier aux structures.","Suite de la dénomination de l'entité géographique, si elle existe. Ce complément peut contenir notamment des informations facilitant l'adressage d'un courrier aux structures.","","","","","","","","","",,,,,"",,,,"EntiteGeographique.complementDenominationEG",0,1,"",""
"ror-entite-geographique","ror-entite-geographique.champActivite","ror-entite-geographique.champActivite","","","",0,*,"","","","Coding {[]} {[]}
","Champ(s) de l’activité des établissements de santé publics et privés français, notamment : - médecine, chirurgie, obstétrique (MCO),- soins de suite et de réadaptation (SSR), - psychiatrie (PSY).Ces champs d'activité seront enrichis avec l'intégration des établissements du secteur médico-social.","Champ(s) de l’activité des établissements de santé publics et privés français, notamment : - médecine, chirurgie, obstétrique (MCO),- soins de suite et de réadaptation (SSR), - psychiatrie (PSY).Ces champs d'activité seront enrichis avec l'intégration des établissements du secteur médico-social.","","","","","","","","","",,"preferred","","https://mos.esante.gouv.fr/NOS/TRE_R227-ChampActivite/FHIR/TRE-R227-ChampActivite?vs","",,,,"EntiteGeographique.champActivite",0,*,"",""
"ror-entite-geographique","ror-entite-geographique.typeEtablissement","ror-entite-geographique.typeEtablissement","","","",0,1,"","","","string {[]} {[]}
","Le type d’établissement détermine si c'est un établissement principal ou secondaire.","Le type d’établissement détermine si c'est un établissement principal ou secondaire.","","","","","","","","","",,,,,"",,,,"EntiteGeographique.typeEtablissement",0,1,"",""
"ror-entite-geographique","ror-entite-geographique.etablissementPrincipal","ror-entite-geographique.etablissementPrincipal","","","",0,1,"","","","Identifier {[]} {[]}
","Dans le cas d’un établissement secondaire : Numéro FINESS de l’établissement principal dont dépend l’établissement.","Dans le cas d’un établissement secondaire : Numéro FINESS de l’établissement principal dont dépend l’établissement.","","","","","","","","","",,,,,"",,,,"EntiteGeographique.etablissementPrincipal",0,1,"",""
"ror-entite-geographique","ror-entite-geographique.secteurActivite","ror-entite-geographique.secteurActivite","","","",1,1,"","","","Coding {[]} {[]}
","Secteur d'activité principal de l'entité (restreint aux secteurs couverts par le ROR)","Un secteur d'activité regroupe les établissements partageant la même activité de santé. Exemples (établissement public de santé, maison de santé, etc.)","","","","","","","","","",,"required","","https://interop.esante.gouv.fr/ig/fhir/test-ror/ValueSet/vs-ror-secteur-activite|0.1.0","",,,,"EntiteGeographique.secteurActivite",0,1,"",""
"ror-entite-geographique","ror-entite-geographique.categorieEtablissement","ror-entite-geographique.categorieEtablissement","","","",0,1,"","","","Coding {[]} {[]}
","Catégorie d'établissement (MCO, SSR, PSY, etc.)","La catégorie d'établissement est le cadre réglementaire dans lequel s'exerce l'activité de l'entité géographique. Les catégories d'établissement sont elles-mêmes classifiées en grands agrégats qui sont :** Etablissements relevant de la loi hospitalière,** Autres établissements de soins et de prévention,** Autres établissements à caractère sanitaire,** Etablissements et services sociaux d'accueil, hébergement, assistance, réadaptation,** Etablissements et services sociaux d'aide à la famille,** Etablissements de formation des personnels sanitaires et sociauxCette catégorie recouvre également des établissements qui ne sont pas encore enregistrés dans FINESS, tels que les dispositifs d’appui à la coordination.","","","","","","","","","",,"preferred","","https://interop.esante.gouv.fr/ig/mos/ValueSet/categorieEtablissement-vs|0.1.0-ballot","",,,,"EntiteGeographique.categorieEtablissement",0,1,"",""
"ror-entite-geographique","ror-entite-geographique.agregatCategorieEtablissementNiv1","ror-entite-geographique.agregatCategorieEtablissementNiv1","","","",0,1,"","","","Coding {[]} {[]}
","Agrégat de catégories d'établissements de niveau 1. L'agrégat de niveau 1 représente des regroupements d'agrégat de niveau 2. Par exemple, le code 1000 ""Etablissement relevant de la loi hospitalière"" regroupe les codes d'agrégat de niveau 2 1100 et 1200.","Agrégat de catégories d'établissements de niveau 1. L'agrégat de niveau 1 représente des regroupements d'agrégat de niveau 2. Par exemple, le code 1000 ""Etablissement relevant de la loi hospitalière"" regroupe les codes d'agrégat de niveau 2 1100 et 1200.","","","","","","","","","",,"preferred","","https://mos.esante.gouv.fr/NOS/TRE_R63-AgregatCategorieEtablissementNiv1/FHIR/TRE-R63-AgregatCategorieEtablissementNiv1?vs","",,,,"EntiteGeographique.agregatCategorieEtablissementNiv1",0,1,"",""
"ror-entite-geographique","ror-entite-geographique.agregatCategorieEtablissementNiv2","ror-entite-geographique.agregatCategorieEtablissementNiv2","","","",0,1,"","","","Coding {[]} {[]}
","Agrégat de catégories d'établissements de niveau 2. L'agrégat de niveau 2 représente des regroupements d'agrégats de niveau 3. Par exemple, le code 1100 ""Etablissement hospitaliers"" regroupe les codes d'agrégat de niveau 3 1101, 1102, etc.","Agrégat de catégories d'établissements de niveau 2. L'agrégat de niveau 2 représente des regroupements d'agrégats de niveau 3. Par exemple, le code 1100 ""Etablissement hospitaliers"" regroupe les codes d'agrégat de niveau 3 1101, 1102, etc.","","","","","","","","","",,"preferred","","https://mos.esante.gouv.fr/NOS/TRE_R64-AgregatCategorieEtablissementNiv2/FHIR/TRE-R64-AgregatCategorieEtablissementNiv2?vs","",,,,"EntiteGeographique.agregatCategorieEtablissementNiv2",0,1,"",""
"ror-entite-geographique","ror-entite-geographique.agregatCategorieEtablissementNiv3","ror-entite-geographique.agregatCategorieEtablissementNiv3","","","",0,1,"","","","Coding {[]} {[]}
","Agrégat de catégories d'établissements de niveau 3. L'agrégat de niveau 3 représente des regroupements de catégories d'établissement. Par exemple, le code 1101 ""Centres hospitaliers régionaux"" regroupe les catégories d'établissement 101, 106 etc.","Agrégat de catégories d'établissements de niveau 3. L'agrégat de niveau 3 représente des regroupements de catégories d'établissement. Par exemple, le code 1101 ""Centres hospitaliers régionaux"" regroupe les catégories d'établissement 101, 106 etc.","","","","","","","","","",,"preferred","","https://mos.esante.gouv.fr/NOS/TRE_R65-AgregatCategorieEtablissement/FHIR/TRE-R65-AgregatCategorieEtablissement?vs","",,,,"EntiteGeographique.agregatCategorieEtablissementNiv3",0,1,"",""
"ror-entite-geographique","ror-entite-geographique.codeAPET","ror-entite-geographique.codeAPET","","","",0,1,"","","","Coding {[]} {[]}
","Toute entité juridique et chacun de ses établissements (EG) se voit attribuer par l'Insee, lors de son inscription au répertoire SIRENE, un code caractérisant son activité principale par référence à la nomenclature d'activités française (NAF rév. 2).Plus précisément, on distingue le code APET pour les EG.","Toute entité juridique et chacun de ses établissements (EG) se voit attribuer par l'Insee, lors de son inscription au répertoire SIRENE, un code caractérisant son activité principale par référence à la nomenclature d'activités française (NAF rév. 2).Plus précisément, on distingue le code APET pour les EG.","","","","","","","","","",,"preferred","","https://mos.esante.gouv.fr/NOS/TRE_R75-InseeNAFrev2Niveau5/FHIR/TRE-R75-InseeNAFrev2Niveau5?vs","",,,,"EntiteGeographique.codeAPET",0,1,"",""
"ror-entite-geographique","ror-entite-geographique.modeFixationTarif","ror-entite-geographique.modeFixationTarif","","","",0,1,"","","","Coding {[]} {[]}
","Le mode de tarification détermine l'autorité responsable de la fixation du tarif principal de l'établissement et la procédure utilisée. Il est unique pour un établissement FINESS donné.","Le mode de tarification détermine l'autorité responsable de la fixation du tarif principal de l'établissement et la procédure utilisée. Il est unique pour un établissement FINESS donné.","","","","","","","","","",,"preferred","","https://mos.esante.gouv.fr/NOS/TRE_R74-ModeFixationTarifaire/FHIR/TRE-R74-ModeFixationTarifaire?vs","",,,,"EntiteGeographique.modeFixationTarif",0,1,"",""
"ror-entite-geographique","ror-entite-geographique.modaliteParticipationSPH","ror-entite-geographique.modaliteParticipationSPH","","","",0,1,"","","","Coding {[]} {[]}
","Modalités de participation au service public hospitalier.","Modalités de participation au service public hospitalier.","","","","","","","","","",,"preferred","","https://mos.esante.gouv.fr/NOS/TRE_R73-ESPIC/FHIR/TRE-R73-ESPIC?vs","",,,,"EntiteGeographique.modaliteParticipationSPH",0,1,"",""
"ror-entite-geographique","ror-entite-geographique.natureEtablissement","ror-entite-geographique.natureEtablissement","","","",0,1,"","","","string {[]} {[]}
","Nature du budget alloué à l'établissement dont les valeurs sont ""G"" pour général et ""A"" pour annexe.","Nature du budget alloué à l'établissement dont les valeurs sont ""G"" pour général et ""A"" pour annexe.","","","","","","","","","",,,,,"",,,,"EntiteGeographique.natureEtablissement",0,1,"",""
"ror-entite-geographique","ror-entite-geographique.aideFinanciere","ror-entite-geographique.aideFinanciere","","","",0,*,"","","","Coding {[]} {[]}
","Habilitation ou conventionnement de l'entité géographique permettant aux personnes accueillies de bénéficier des aides financières, si elles remplissent les conditions.","Habilitation ou conventionnement de l'entité géographique permettant aux personnes accueillies de bénéficier des aides financières, si elles remplissent les conditions.","","","","","","","","","",,"preferred","","https://mos.esante.gouv.fr/NOS/TRE_R241-AideFinanciere/FHIR/TRE-R241-AideFinanciere?vs","",,,,"EntiteGeographique.aideFinanciere",0,*,"",""
"ror-entite-geographique","ror-entite-geographique.habilitationSoinSansConsentement","ror-entite-geographique.habilitationSoinSansConsentement","","","",0,1,"","","","boolean {[]} {[]}
","L'habilitation aux soins sans consentement traduit que l'établissement est autorisé à prendre en charge des patients sans leur consentement. Cette autorisation est donnée par le directeur général de l’ARS après avis du préfet.Valeurs possibles : 0 = L'établissement ne possède pas d'autorisation aux soins sans consentement 1 = L'établissement possède une autorisation aux soins sans consentement","L'habilitation aux soins sans consentement traduit que l'établissement est autorisé à prendre en charge des patients sans leur consentement. Cette autorisation est donnée par le directeur général de l’ARS après avis du préfet.Valeurs possibles : 0 = L'établissement ne possède pas d'autorisation aux soins sans consentement 1 = L'établissement possède une autorisation aux soins sans consentement","","","","","","","","","",,,,,"",,,,"EntiteGeographique.habilitationSoinSansConsentement",0,1,"",""
"ror-entite-geographique","ror-entite-geographique.hebergementFamille","ror-entite-geographique.hebergementFamille","","","",0,1,"","","","boolean {[]} {[]}
","L’indicateur hébergement des familles précise si l'établissement peut héberger les familles des personnes prises en charge. Valeurs possibles :0 = L'établissement ne peut pas héberger les familles des personnes prises en charge1 = L'établissement peut héberger les familles des personnes prises en charge","L’indicateur hébergement des familles précise si l'établissement peut héberger les familles des personnes prises en charge. Valeurs possibles :0 = L'établissement ne peut pas héberger les familles des personnes prises en charge1 = L'établissement peut héberger les familles des personnes prises en charge","","","","","","","","","",,,,,"",,,,"EntiteGeographique.hebergementFamille",0,1,"",""
"ror-entite-geographique","ror-entite-geographique.dateModificationSIRET","ror-entite-geographique.dateModificationSIRET","","","",0,1,"","","","date {[]} {[]}
","Date de modification du numéro SIRET.","Date de modification du numéro SIRET.","","","","","","","","","",,,,,"",,,,"EntiteGeographique.dateModificationSIRET",0,1,"",""
"ror-entite-geographique","ror-entite-geographique.origineModificationSIRET","ror-entite-geographique.origineModificationSIRET","","","",0,1,"","","","string {[]} {[]}
","Origine/nature de modification du SIRET (motif de modification de l’identifiant).","Origine/nature de modification du SIRET (motif de modification de l’identifiant).","","","","","","","","","",,,,,"",,,,"EntiteGeographique.origineModificationSIRET",0,1,"",""
"ror-entite-geographique","ror-entite-geographique.actif","ror-entite-geographique.actif","","","",0,1,"","","","boolean {[]} {[]}
","Indicateur de l’activité de l'entité géographique, si celle-ci est active (ou ouverte) ou inactive (ou fermée).","Indicateur de l’activité de l'entité géographique, si celle-ci est active (ou ouverte) ou inactive (ou fermée).","","","","","","","","","",,,,,"",,,,"EntiteGeographique.actif",0,1,"",""
"ror-entite-geographique","ror-entite-geographique.dateOuverture","ror-entite-geographique.dateOuverture","","","",0,1,"","","","date {[]} {[]}
","Date d’ouverture réelle de fonctionnement de l’établissement.Pour les établissements soumis à autorisation, elle est constatée par la première visite de conformité du premier équipement autorisé. La date d’ouverture doit être supérieure ou égale à la date d’autorisation.","Date d’ouverture réelle de fonctionnement de l’établissement.Pour les établissements soumis à autorisation, elle est constatée par la première visite de conformité du premier équipement autorisé. La date d’ouverture doit être supérieure ou égale à la date d’autorisation.","","","","","","","","","",,,,,"",,,,"EntiteGeographique.dateOuverture",0,1,"",""
"ror-entite-geographique","ror-entite-geographique.dateCaducite","ror-entite-geographique.dateCaducite","","","",0,1,"","","","date {[]} {[]}
","La date de caducité indique la limite autorisant la réalisation de l’opération pour laquelle il y a autorisation. Elle est calculée automatiquement lorsque la date d’autorisation est renseignée. Elle disparait lorsque la date d’ouverture est renseignée.Par défaut, la date de caducité calculée automatiquement dans FINESS est de trois ans. En cas de début de travaux, une quatrième année est autorisée par les textes.","La date de caducité indique la limite autorisant la réalisation de l’opération pour laquelle il y a autorisation. Elle est calculée automatiquement lorsque la date d’autorisation est renseignée. Elle disparait lorsque la date d’ouverture est renseignée.Par défaut, la date de caducité calculée automatiquement dans FINESS est de trois ans. En cas de début de travaux, une quatrième année est autorisée par les textes.","","","","","","","","","",,,,,"",,,,"EntiteGeographique.dateCaducite",0,1,"",""
"ror-entite-geographique","ror-entite-geographique.constatCaducite","ror-entite-geographique.constatCaducite","","","",0,1,"","","","boolean {[]} {[]}
","Indicateur de caducité de l'établissement:- « N » par défaut, lorsque l’établissement est autorisé non ouvert (la date d’ouverture n’est pas renseignée);- « O » à indiquer lorsqu’un constat de caducité a été relevé sur l'établissement.","Indicateur de caducité de l'établissement:- « N » par défaut, lorsque l’établissement est autorisé non ouvert (la date d’ouverture n’est pas renseignée);- « O » à indiquer lorsqu’un constat de caducité a été relevé sur l'établissement.","","","","","","","","","",,,,,"",,,,"EntiteGeographique.constatCaducite",0,1,"",""
"ror-entite-geographique","ror-entite-geographique.dateFermeture","ror-entite-geographique.dateFermeture","","","",0,1,"","","","date {[]} {[]}
","Date de fermeture de l'entité géographique. La date doit être supérieure à la date d’ouverture.","Date de fermeture de l'entité géographique. La date doit être supérieure à la date d’ouverture.","","","","","","","","","",,,,,"",,,,"EntiteGeographique.dateFermeture",0,1,"",""
"ror-entite-geographique","ror-entite-geographique.typeFermeture","ror-entite-geographique.typeFermeture","","","",0,1,"","","","Coding {[]} {[]}
","Type de fermeture de l'entité géographique, au sens des règles de gestion du SI FINESS (par exemple: fermeture définitive, fermeture provisoire), obligatoire lors de la fermeture de l'entité.","Type de fermeture de l'entité géographique, au sens des règles de gestion du SI FINESS (par exemple: fermeture définitive, fermeture provisoire), obligatoire lors de la fermeture de l'entité.","","","","","","","","","",,"preferred","","https://mos.esante.gouv.fr/NOS/TRE_R286-TypeFermeture/FHIR/TRE-R286-TypeFermeture?vs","",,,,"EntiteGeographique.typeFermeture",0,1,"",""
"ror-entite-geographique","ror-entite-geographique.dateAutorisation","ror-entite-geographique.dateAutorisation","","","",0,1,"","","","date {[]} {[]}
","Date d’autorisation qui correspond à la date de l’arrêté autorisant la création d’un établissement ou de la première autorisation délivrée pour des équipements.","Date d’autorisation qui correspond à la date de l’arrêté autorisant la création d’un établissement ou de la première autorisation délivrée pour des équipements.","","","","","","","","","",,,,,"",,,,"EntiteGeographique.dateAutorisation",0,1,"",""
"ror-entite-geographique","ror-entite-geographique.accessibiliteLieu","ror-entite-geographique.accessibiliteLieu","","","",0,1,"","","","Coding {[]} {[]}
","Information précisant dans quelle mesure le lieu est conforme aux dispositions règlementaires relatives à l’accessibilité des établissements recevant du public (ex : accessible, non accessible, sur demande, non communiqué, etc.).Rappel sur l'obligation d'accessibilité des établissements recevant du public (ERP) aux personnes handicapées (service-public.fr):Les établissements ouverts au public (magasin, bureau, hôtel, etc.) doivent être accessibles aux personnes handicapées. Les établissements recevant du public (ERP) non conformes aux règles d'accessibilité sont tenus de s'inscrire à un Agenda d'Accessibilité Programmée (Ad'AP) qui permet d'engager les travaux nécessaires dans un délai limité.Règles d'accessibilité:Les normes d'accessibilité doivent permettre aux personnes handicapées de circuler avec la plus grande autonomie possible, d'accéder aux locaux et équipements, d'utiliser les équipements et les prestations, de se repérer et de communiquer.L'accès concerne tout type de handicap (moteur, visuel, auditif, mental...).Les conditions d'accès doivent être les mêmes que pour les personnes valides ou, à défaut, présenter une qualité d'usage équivalente.L'accessibilité de ces établissements et de leurs abords concerne :** les cheminements extérieurs,** le stationnement des véhicules,** les conditions d'accès et d'accueil dans les bâtiments,** les circulations horizontales et verticales à l'intérieur des bâtiments,** les locaux intérieurs et les sanitaires ouverts au public,** les portes, les sas intérieurs et les sorties,** les revêtements des sols et des parois,** les équipements et mobiliers intérieurs et extérieurs susceptibles d'y être installés (dispositifs d'éclairage et d'information des usagers, par exemple).","Information précisant dans quelle mesure le lieu est conforme aux dispositions règlementaires relatives à l’accessibilité des établissements recevant du public (ex : accessible, non accessible, sur demande, non communiqué, etc.).Rappel sur l'obligation d'accessibilité des établissements recevant du public (ERP) aux personnes handicapées (service-public.fr):Les établissements ouverts au public (magasin, bureau, hôtel, etc.) doivent être accessibles aux personnes handicapées. Les établissements recevant du public (ERP) non conformes aux règles d'accessibilité sont tenus de s'inscrire à un Agenda d'Accessibilité Programmée (Ad'AP) qui permet d'engager les travaux nécessaires dans un délai limité.Règles d'accessibilité:Les normes d'accessibilité doivent permettre aux personnes handicapées de circuler avec la plus grande autonomie possible, d'accéder aux locaux et équipements, d'utiliser les équipements et les prestations, de se repérer et de communiquer.L'accès concerne tout type de handicap (moteur, visuel, auditif, mental...).Les conditions d'accès doivent être les mêmes que pour les personnes valides ou, à défaut, présenter une qualité d'usage équivalente.L'accessibilité de ces établissements et de leurs abords concerne :** les cheminements extérieurs,** le stationnement des véhicules,** les conditions d'accès et d'accueil dans les bâtiments,** les circulations horizontales et verticales à l'intérieur des bâtiments,** les locaux intérieurs et les sanitaires ouverts au public,** les portes, les sas intérieurs et les sorties,** les revêtements des sols et des parois,** les équipements et mobiliers intérieurs et extérieurs susceptibles d'y être installés (dispositifs d'éclairage et d'information des usagers, par exemple).","","","","","","","","","",,"preferred","","https://mos.esante.gouv.fr/NOS/TRE_R202-AccessibiliteLieu/FHIR/TRE-R202-AccessibiliteLieu?vs","",,,,"EntiteGeographique.accessibiliteLieu",0,1,"",""
"ror-entite-geographique","ror-entite-geographique.zonePoser","ror-entite-geographique.zonePoser","","","",0,1,"","","","boolean {[]} {[]}
","Indicateur portant sur l'existence d'une zone de poser pour hélicoptère sur le site même.Valeurs possibles: 0 = Pas de zone de poser 1 = Existence d'une zone de poser","Indicateur portant sur l'existence d'une zone de poser pour hélicoptère sur le site même.Valeurs possibles: 0 = Pas de zone de poser 1 = Existence d'une zone de poser","","","","","","","","","",,,,,"",,,,"EntiteGeographique.zonePoser",0,1,"",""
"ror-entite-geographique","ror-entite-geographique.niveauRecoursORSAN","ror-entite-geographique.niveauRecoursORSAN","","","",0,1,"","","","Coding {[]} {[]}
","Le niveau de recours ORSAN correspond à une hiérarchisation fonctionnelle de la mobilisation des établissements pour accueillir les patients après régulation par le SAMU.","Le niveau de recours ORSAN correspond à une hiérarchisation fonctionnelle de la mobilisation des établissements pour accueillir les patients après régulation par le SAMU.","","","","","","","","","",,"preferred","","https://mos.esante.gouv.fr/NOS/TRE_R284-NiveauRecoursORSAN/FHIR/TRE-R284-NiveauRecoursORSAN?vs","",,,,"EntiteGeographique.niveauRecoursORSAN",0,1,"",""
"ror-entite-geographique","ror-entite-geographique.venteLigneURL","ror-entite-geographique.venteLigneURL","","","",0,1,"","","","string {[]} {[]}
","URL du site de vente en ligne","URL du site de vente en ligne","","","","","","","","","",,,,,"",,,,"EntiteGeographique.venteLigneURL",0,1,"",""
"ror-entite-geographique","ror-entite-geographique.nbPlaceAideSocialeTemporaire","ror-entite-geographique.nbPlaceAideSocialeTemporaire","","","",0,1,"","","","integer {[]} {[]}
","Il s'agit du nombre de places temporaires dédiées à l'aide sociale dans l'établissement.","Il s'agit du nombre de places temporaires dédiées à l'aide sociale dans l'établissement.","","","","","","","","","",,,,,"",,,,"EntiteGeographique.nbPlaceAideSocialeTemporaire",0,1,"",""
"ror-entite-geographique","ror-entite-geographique.nbPlaceAideSocialePermanent","ror-entite-geographique.nbPlaceAideSocialePermanent","","","",0,1,"","","","integer {[]} {[]}
","Il s'agit du nombre de places permanentes dédiées à l'aide sociale dans l'établissement.","Il s'agit du nombre de places permanentes dédiées à l'aide sociale dans l'établissement.","","","","","","","","","",,,,,"",,,,"EntiteGeographique.nbPlaceAideSocialePermanent",0,1,"",""
"ror-entite-geographique","ror-entite-geographique.adresseEG","ror-entite-geographique.adresseEG","","","",0,*,"","","","https://interop.esante.gouv.fr/ig/mos/StructureDefinition/Adresse {[]} {[]}
","Adresse(s) géopostale(s) de l'entité géographique en fonction de l'usage (adresse administrative, adresse entrée des véhicules, adresse entrée piétonne, etc.).L'implantation géographique peut également être décrite au travers de la classe Lieu.","Adresse(s) géopostale(s) de l'entité géographique en fonction de l'usage (adresse administrative, adresse entrée des véhicules, adresse entrée piétonne, etc.).L'implantation géographique peut également être décrite au travers de la classe Lieu.","","","","","","","","","",,,,,"",,,,"EntiteGeographique.adresseEG",0,*,"",""
"ror-entite-geographique","ror-entite-geographique.implantationGeographique","ror-entite-geographique.implantationGeographique","","","",0,1,"","","","https://interop.esante.gouv.fr/ig/mos/StructureDefinition/Lieu {[]} {[]}
","Implantation géographique de l’EG sur un lieu connu.","Implantation géographique de l’EG sur un lieu connu.","","","","","","","","","",,,,,"",,,,"EntiteGeographique.implantationGeographique",0,1,"",""
"ror-entite-geographique","ror-entite-geographique.lieuEG","ror-entite-geographique.lieuEG","","","",0,1,"","","","https://interop.esante.gouv.fr/ig/mos/StructureDefinition/Lieu {[]} {[]}
","Lieu à l'intérieur d'une EG tels que l'entrée A, pavillon des violettes, etcUn lieu peut notamment être décrit par une adresse et des coordonnées géographiques.","Lieu à l'intérieur d'une EG tels que l'entrée A, pavillon des violettes, etcUn lieu peut notamment être décrit par une adresse et des coordonnées géographiques.","","","","","","","","","",,,,,"",,,,"EntiteGeographique.lieuEG",0,1,"",""
"ror-entite-geographique","ror-entite-geographique.divisionTerritoriale","ror-entite-geographique.divisionTerritoriale","","","",0,*,"","","","https://interop.esante.gouv.fr/ig/mos/StructureDefinition/DivisionTerritoriale {[]} {[]}
","Division(s) territoriale(s) (commune, département, etc.) où est située l'entité géographique.","Division(s) territoriale(s) (commune, département, etc.) où est située l'entité géographique.","","","","","","","","","",,,,,"",,,,"EntiteGeographique.divisionTerritoriale",0,*,"",""
"ror-entite-geographique","ror-entite-geographique.contact","ror-entite-geographique.contact","","","",0,*,"","","","https://interop.esante.gouv.fr/ig/mos/StructureDefinition/Contact {[]} {[]}
","Point(s) de contact de l'entité géographique.Par exemple, ce sont les informations permettant de contacter l'accueil ou le secrétariat de l'entité géographique.Les contacts du directeur et de la cellule d'alerte peuvent être inclus dans cette liste de contacts.","Point(s) de contact de l'entité géographique.Par exemple, ce sont les informations permettant de contacter l'accueil ou le secrétariat de l'entité géographique.Les contacts du directeur et de la cellule d'alerte peuvent être inclus dans cette liste de contacts.","","","","","","","","","",,,,,"",,,,"EntiteGeographique.contact",0,*,"",""
"ror-entite-geographique","ror-entite-geographique.telecommunication","ror-entite-geographique.telecommunication","","","",0,*,"","","","https://interop.esante.gouv.fr/ig/mos/StructureDefinition/Telecommunication {[]} {[]}
","Adresse(s) de télécommunication de l'entité géographique (numéro de téléphone, adresse email, URL, etc.).","Adresse(s) de télécommunication de l'entité géographique (numéro de téléphone, adresse email, URL, etc.).","","","","","","","","","",,,,,"",,,,"EntiteGeographique.telecommunication",0,*,"",""
"ror-entite-geographique","ror-entite-geographique.boiteLettresMSS","ror-entite-geographique.boiteLettresMSS","","","",0,*,"","","","https://interop.esante.gouv.fr/ig/mos/StructureDefinition/BoiteLettreMSS {[]} {[]}
","Boîte(s) aux lettres du service de messagerie sécurisée de santé (MSS) rattachée(s) à l'entité géographique.","Boîte(s) aux lettres du service de messagerie sécurisée de santé (MSS) rattachée(s) à l'entité géographique.","","","","","","","","","",,,,,"",,,,"EntiteGeographique.boiteLettresMSS",0,*,"",""
"ror-entite-geographique","ror-entite-geographique.commentaire","ror-entite-geographique.commentaire","","","",0,1,"","","","string {[]} {[]}
","Commentaire qui permet à la structure de donner des informations complémentaires.","Commentaire qui permet à la structure de donner des informations complémentaires.","","","","","","","","","",,,,,"",,,,"EntiteGeographique.commentaire",0,1,"",""
"ror-entite-geographique","ror-entite-geographique.SituationExercice","ror-entite-geographique.SituationExercice","","","",0,*,"","","","https://interop.esante.gouv.fr/ig/mos/StructureDefinition/SituationExercice {[]} {[]}
","Lien vers la classe SituationExercice","Lien vers la classe SituationExercice","","","","","","","","","",,,,,"",,,,"EntiteGeographique.SituationExercice",0,*,"",""
"ror-entite-geographique","ror-entite-geographique.Certificat","ror-entite-geographique.Certificat","","","",0,*,"","","","https://interop.esante.gouv.fr/ig/mos/StructureDefinition/Certificat {[]} {[]}
","Lien vers la classe Certificat","Lien vers la classe Certificat","","","","","","","","","",,,,,"",,,,"EntiteGeographique.Certificat",0,*,"",""
"ror-entite-geographique","ror-entite-geographique.EntiteJuridique","ror-entite-geographique.EntiteJuridique","","","",1,1,"","","","https://interop.esante.gouv.fr/ig/mos/StructureDefinition/EntiteJuridique {[]} {[]}
","Lien vers la classe EntiteJuridique","Lien vers la classe EntiteJuridique","","","","","","","","","",,,,,"",,,,"EntiteGeographique.EntiteJuridique",1,1,"",""
"ror-entite-geographique","ror-entite-geographique.Lieu","ror-entite-geographique.Lieu","","","",0,*,"","","","https://interop.esante.gouv.fr/ig/mos/StructureDefinition/Lieu {[]} {[]}
","Lien vers la classe Lieu","Lien vers la classe Lieu","","","","","","","","","",,,,,"",,,,"EntiteGeographique.Lieu",0,*,"",""
"ror-entite-geographique","ror-entite-geographique.Convention","ror-entite-geographique.Convention","","","",0,*,"","","","https://interop.esante.gouv.fr/ig/mos/StructureDefinition/Convention {[]} {[]}
","Lien vers la classe Convention","Lien vers la classe Convention","","","","","","","","","",,,,,"",,,,"EntiteGeographique.Convention",0,*,"",""
"ror-entite-geographique","ror-entite-geographique.EquipementMaterielLourd","ror-entite-geographique.EquipementMaterielLourd","","","",0,*,"","","","https://interop.esante.gouv.fr/ig/mos/StructureDefinition/EquipementMaterielLourd {[]} {[]}
","Lien vers la classe EquipementMaterielLourd","Lien vers la classe EquipementMaterielLourd","","","","","","","","","",,,,,"",,,,"EntiteGeographique.EquipementMaterielLourd",0,*,"",""
"ror-entite-geographique","ror-entite-geographique.LicenceExploitation","ror-entite-geographique.LicenceExploitation","","","",0,1,"","","","https://interop.esante.gouv.fr/ig/mos/StructureDefinition/LicenceExploitation {[]} {[]}
","Lien vers la classe LicenceExploitation","Lien vers la classe LicenceExploitation","","","","","","","","","",,,,,"",,,,"EntiteGeographique.LicenceExploitation",0,1,"",""
"ror-entite-geographique","ror-entite-geographique.ActiviteEnseignement","ror-entite-geographique.ActiviteEnseignement","","","",0,*,"","","","https://interop.esante.gouv.fr/ig/mos/StructureDefinition/ActiviteEnseignement {[]} {[]}
","Lien vers la classe ActiviteEnseignement","Lien vers la classe ActiviteEnseignement","","","","","","","","","",,,,,"",,,,"EntiteGeographique.ActiviteEnseignement",0,*,"",""
"ror-entite-geographique","ror-entite-geographique.TarifPrestation","ror-entite-geographique.TarifPrestation","","","",0,*,"","","","https://interop.esante.gouv.fr/ig/mos/StructureDefinition/TarifPrestation {[]} {[]}
","Lien vers la classe TarifPrestation","Lien vers la classe TarifPrestation","","","","","","","","","",,,,,"",,,,"EntiteGeographique.TarifPrestation",0,*,"",""
"ror-entite-geographique","ror-entite-geographique.ActiviteSoinAutorisee","ror-entite-geographique.ActiviteSoinAutorisee","","","",0,*,"","","","https://interop.esante.gouv.fr/ig/mos/StructureDefinition/ActiviteSoinAutorisee {[]} {[]}
","Lien vers la classe ActiviteSoinAutorisee","Lien vers la classe ActiviteSoinAutorisee","","","","","","","","","",,,,,"",,,,"EntiteGeographique.ActiviteSoinAutorisee",0,*,"",""
"ror-entite-geographique","ror-entite-geographique.AutreActiviteSoumiseAutorisation","ror-entite-geographique.AutreActiviteSoumiseAutorisation","","","",0,*,"","","","https://interop.esante.gouv.fr/ig/mos/StructureDefinition/AutreActiviteSoumiseAutorisation {[]} {[]}
","Lien vers la classe AutreActiviteSoumiseAutorisation","Lien vers la classe AutreActiviteSoumiseAutorisation","","","","","","","","","",,,,,"",,,,"EntiteGeographique.AutreActiviteSoumiseAutorisation",0,*,"",""
"ror-entite-geographique","ror-entite-geographique.ActiviteSoumiseReconnaissance","ror-entite-geographique.ActiviteSoumiseReconnaissance","","","",0,*,"","","","https://interop.esante.gouv.fr/ig/mos/StructureDefinition/ActiviteSoumiseReconnaissance {[]} {[]}
","Lien vers la classe ActiviteSoumiseReconnaissance","Lien vers la classe ActiviteSoumiseReconnaissance","","","","","","","","","",,,,,"",,,,"EntiteGeographique.ActiviteSoumiseReconnaissance",0,*,"",""
"ror-entite-geographique","ror-entite-geographique.ActiviteSociale","ror-entite-geographique.ActiviteSociale","","","",0,*,"","","","https://interop.esante.gouv.fr/ig/mos/StructureDefinition/ActiviteSociale {[]} {[]}
","Lien vers la classe ActiviteSociale","Lien vers la classe ActiviteSociale","","","","","","","","","",,,,,"",,,,"EntiteGeographique.ActiviteSociale",0,*,"",""
"ror-entite-geographique","ror-entite-geographique.CapaciteActiviteExercee","ror-entite-geographique.CapaciteActiviteExercee","","","",0,*,"","","","https://interop.esante.gouv.fr/ig/mos/StructureDefinition/CapaciteActiviteExercee {[]} {[]}
","Lien vers la classe CapaciteActiviteExercee","Lien vers la classe CapaciteActiviteExercee","","","","","","","","","",,,,,"",,,,"EntiteGeographique.CapaciteActiviteExercee",0,*,"",""
"ror-entite-geographique","ror-entite-geographique.OffreOperationnelle","ror-entite-geographique.OffreOperationnelle","","","",0,*,"","","","https://interop.esante.gouv.fr/ig/mos/StructureDefinition/OffreOperationnelle {[]} {[]}
","Lien vers la classe OffreOperationnelle","Lien vers la classe OffreOperationnelle","","","","","","","","","",,,,,"",,,,"EntiteGeographique.OffreOperationnelle",0,*,"",""
"ror-entite-geographique","ror-entite-geographique.OrganisationInterne","ror-entite-geographique.OrganisationInterne","","","",0,*,"","","","https://interop.esante.gouv.fr/ig/mos/StructureDefinition/OrganisationInterne {[]} {[]}
","Lien vers la classe OrganisationInterne","Lien vers la classe OrganisationInterne","","","","","","","","","",,,,,"",,,,"EntiteGeographique.OrganisationInterne",0,*,"",""
"ror-entite-geographique","ror-entite-geographique.Emploi","ror-entite-geographique.Emploi","","","",0,1,"","","","https://interop.esante.gouv.fr/ig/mos/StructureDefinition/Emploi {[]} {[]}
","Lien vers la classe Emploi","Lien vers la classe Emploi","","","","","","","","","",,,,,"",,,,"EntiteGeographique.Emploi",0,1,"",""
"ror-entite-geographique","ror-entite-geographique.AidantDemarche","ror-entite-geographique.AidantDemarche","","","",0,1,"","","","https://interop.esante.gouv.fr/ig/mos/StructureDefinition/AidantDemarche {[]} {[]}
","Lien vers la classe AidantDemarche","Lien vers la classe AidantDemarche","","","","","","","","","",,,,,"",,,,"EntiteGeographique.AidantDemarche",0,1,"",""
"ror-entite-geographique","ror-entite-geographique.MesureProtection","ror-entite-geographique.MesureProtection","","","",0,1,"","","","https://interop.esante.gouv.fr/ig/mos/StructureDefinition/MesureProtection {[]} {[]}
","Lien vers la classe MesureProtection","Lien vers la classe MesureProtection","","","","","","","","","",,,,,"",,,,"EntiteGeographique.MesureProtection",0,1,"",""
"ror-entite-geographique","ror-entite-geographique.NoteLiaison","ror-entite-geographique.NoteLiaison","","","",0,*,"","","","https://interop.esante.gouv.fr/ig/mos/StructureDefinition/NoteLiaison {[]} {[]}
","Lien vers la classe NoteLiaison","Lien vers la classe NoteLiaison","","","","","","","","","",,,,,"",,,,"EntiteGeographique.NoteLiaison",0,*,"",""
"ror-entite-geographique","ror-entite-geographique.Agenda","ror-entite-geographique.Agenda","","","",0,*,"","","","https://interop.esante.gouv.fr/ig/mos/StructureDefinition/Agenda {[]} {[]}
","Lien vers la classe Agenda","Lien vers la classe Agenda","","","","","","","","","",,,,,"",,,,"EntiteGeographique.Agenda",0,*,"",""
"ror-entite-geographique","ror-entite-geographique.RendezVous","ror-entite-geographique.RendezVous","","","",0,*,"","","","https://interop.esante.gouv.fr/ig/mos/StructureDefinition/RendezVous {[]} {[]}
","Lien vers la classe RendezVous","Lien vers la classe RendezVous","","","","","","","","","",,,,,"",,,,"EntiteGeographique.RendezVous",0,*,"",""
"ror-entite-geographique","ror-entite-geographique.CapaciteAccueil","ror-entite-geographique.CapaciteAccueil","","","",0,1,"","","","https://interop.esante.gouv.fr/ig/mos/StructureDefinition/CapaciteAccueil {[]} {[]}
","Lien vers la classe CapaciteAccueil","Lien vers la classe CapaciteAccueil","","","","","","","","","",,,,,"",,,,"EntiteGeographique.CapaciteAccueil",0,1,"",""
"ror-entite-geographique","ror-entite-geographique.CapaciteHabitation","ror-entite-geographique.CapaciteHabitation","","","",0,*,"","","","https://interop.esante.gouv.fr/ig/mos/StructureDefinition/CapaciteHabitation {[]} {[]}
","Lien vers la classe CapaciteHabitation","Lien vers la classe CapaciteHabitation","","","","","","","","","",,,,,"",,,,"EntiteGeographique.CapaciteHabitation",0,*,"",""
"ror-entite-geographique","ror-entite-geographique.coordonneesGeographiques","ror-entite-geographique.coordonneesGeographiques","","","",0,1,"","","","BackboneElement {[]} {[]}
","Géolocalisation pour l'affichage cartographique","Coordonnées GPS de l'entité","","","","","","","","","",,,,,"",,,,"ror-entite-geographique.coordonneesGeographiques",0,1,"","ele-1:All FHIR elements must have a @value or children {hasValue() or (children().count() > id.count())}
"
"ror-entite-geographique","ror-entite-geographique.coordonneesGeographiques.id","ror-entite-geographique.coordonneesGeographiques.id","","","",0,1,"","","","string {[]} {[]}
","Unique id for inter-element referencing","Unique id for the element within a resource (for internal references). This may be any string value that does not contain spaces.","","","","","","","","","",,,,,"",,,,"Element.id",0,1,"",""
"ror-entite-geographique","ror-entite-geographique.coordonneesGeographiques.extension","ror-entite-geographique.coordonneesGeographiques.extension","","extensions
user content","",0,*,"","","","Extension {[]} {[]}
","Additional content defined by implementations","May be used to represent additional information that is not part of the basic definition of the element. To make the use of extensions safe and manageable, there is a strict set of governance  applied to the definition and use of extensions. Though any implementer can define an extension, there is a set of requirements that SHALL be met as part of the definition of the extension.","There can be no stigma associated with the use of extensions by any application, project, or standard - regardless of the institution or jurisdiction that uses or defines the extensions.  The use of extensions is what allows the FHIR specification to retain a core level of simplicity for everyone.","","","","","","","","",,,,,"","value:url}
","Extensions are always sliced by (at least) url",,"open","Element.extension",0,*,"","ele-1:All FHIR elements must have a @value or children {hasValue() or (children().count() > id.count())}
ext-1:Must have either extensions or value[x], not both {extension.exists() != value.exists()}"
"ror-entite-geographique","ror-entite-geographique.coordonneesGeographiques.modifierExtension","ror-entite-geographique.coordonneesGeographiques.modifierExtension","","extensions
user contentmodifiers","",0,*,"","Y","Y","Extension {[]} {[]}
","Extensions that cannot be ignored even if unrecognized","May be used to represent additional information that is not part of the basic definition of the element and that modifies the understanding of the element in which it is contained and/or the understanding of the containing element's descendants. Usually modifier elements provide negation or qualification. To make the use of extensions safe and manageable, there is a strict set of governance applied to the definition and use of extensions. Though any implementer can define an extension, there is a set of requirements that SHALL be met as part of the definition of the extension. Applications processing a resource are required to check for modifier extensions.

Modifier extensions SHALL NOT change the meaning of any elements on Resource or DomainResource (including cannot change the meaning of modifierExtension itself).","There can be no stigma associated with the use of extensions by any application, project, or standard - regardless of the institution or jurisdiction that uses or defines the extensions.  The use of extensions is what allows the FHIR specification to retain a core level of simplicity for everyone.","Modifier extensions allow for extensions that *cannot* be safely ignored to be clearly distinguished from the vast majority of extensions which can be safely ignored.  This promotes interoperability by eliminating the need for implementers to prohibit the presence of extensions. For further information, see the [definition of modifier extensions](http://hl7.org/fhir/R4/extensibility.html#modifierExtension).","","","","","","","",,,,,"",,,,"BackboneElement.modifierExtension",0,*,"","ele-1:All FHIR elements must have a @value or children {hasValue() or (children().count() > id.count())}
ext-1:Must have either extensions or value[x], not both {extension.exists() != value.exists()}"
"ror-entite-geographique","ror-entite-geographique.coordonneesGeographiques.latitude","ror-entite-geographique.coordonneesGeographiques.latitude","","","",1,1,"","","","decimal {[]} {[]}
","Latitude","Latitude","","","","","","","","","",,,,,"",,,,"ror-entite-geographique.coordonneesGeographiques.latitude",1,1,"",""
"ror-entite-geographique","ror-entite-geographique.coordonneesGeographiques.longitude","ror-entite-geographique.coordonneesGeographiques.longitude","","","",1,1,"","","","decimal {[]} {[]}
","Longitude","Longitude","","","","","","","","","",,,,,"",,,,"ror-entite-geographique.coordonneesGeographiques.longitude",1,1,"",""
"ror-entite-geographique","ror-entite-geographique.accessibilitePMR","ror-entite-geographique.accessibilitePMR","","","",0,1,"","","","boolean {[]} {[]}
","Indique si l'entité est accessible aux PMR","Accessibilité pour les personnes à mobilité réduite","","","","","","","","","",,,,,"",,,,"ror-entite-geographique.accessibilitePMR",0,1,"",""
"ror-entite-geographique","ror-entite-geographique.horairesAccueil","ror-entite-geographique.horairesAccueil","","","",0,1,"","","","string {[]} {[]}
","Horaires d'ouverture du secrétariat / accueil (texte libre)","Horaires d'accueil administratif","","","","","","","","","",,,,,"",,,,"ror-entite-geographique.horairesAccueil",0,1,"",""
"ror-entite-geographique","ror-entite-geographique.telephoneContact","ror-entite-geographique.telephoneContact","","","",0,1,"","","","string {[]} {[]}
","Téléphone de contact pour les usagers","Numéro de téléphone principal","","","","","","","","","",,,,,"",,,,"ror-entite-geographique.telephoneContact",0,1,"",""
"ror-entite-geographique","ror-entite-geographique.organisationsInternes","ror-entite-geographique.organisationsInternes","","","",0,*,"","","","Reference {[]} {[CanonicalType[https://interop.esante.gouv.fr/ig/fhir/test-ror/StructureDefinition/ror-organisation-interne|0.1.0]]}
","Liste des pôles, services et unités rattachés à cette entité","Organisations internes de cette entité","","","","","","","","","",,,,,"",,,,"ror-entite-geographique.organisationsInternes",0,*,"",""
"ror-offre-operationnelle","ror-offre-operationnelle","ror-offre-operationnelle","","","",0,*,"","","","null {[]} {[]}
","ROR - Offre Opérationnelle","Spécialisation ROR du modèle MOS OffreOperationnelle. Ajoute des éléments propres au Répertoire de l'Offre de soins et des Ressources.","","","","","","","","","",,,,,"",,,,"Base",0,*,"",""
"ror-offre-operationnelle","ror-offre-operationnelle.familleActiviteOperationnelle","ror-offre-operationnelle.familleActiviteOperationnelle","","","",0,1,"","","","Coding {[]} {[]}
","Une famille d’activités opérationnelles est un regroupement cohérent d’activités délivrées dans le cadre d'une prestation, répondant à un besoin de la personne. Dans le secteur médico-social, la Famille d’activité correspond au niveau 4 des prestations de la nomenclature SERAFIN.","Une famille d’activités opérationnelles est un regroupement cohérent d’activités délivrées dans le cadre d'une prestation, répondant à un besoin de la personne. Dans le secteur médico-social, la Famille d’activité correspond au niveau 4 des prestations de la nomenclature SERAFIN.","","","","","","","","","",,"preferred","","https://interop.esante.gouv.fr/ig/mos/ValueSet/familleActiviteOperationnelle-vs|0.1.0-ballot","",,,,"OffreOperationnelle.familleActiviteOperationnelle",0,1,"",""
"ror-offre-operationnelle","ror-offre-operationnelle.identifiantOffre","ror-offre-operationnelle.identifiantOffre","","","",1,1,"","","","Identifier {[]} {[]}
","Identifiant unique de l'offre dans le ROR","Identifiant de l'offre, unique et persistant au niveau national, généré par une instance régionale du ROR ou par le ROR national.Format : Concaténation du code INSEE région et d’un identifiant généré, par le ROR régional ou le ROR national, séparé par le caractère ""slash"" (ex: 94/666).","","","","","","","","","",,,,,"",,,,"OffreOperationnelle.identifiantOffre",0,1,"",""
"ror-offre-operationnelle","ror-offre-operationnelle.nomOffre","ror-offre-operationnelle.nomOffre","","","",1,1,"","","","string {[]} {[]}
","Nom de l'offre tel qu'affiché dans le ROR","Dénomination sous laquelle l'offre est identifiée par le porteur d'offre et résultant de l'application de règles de bonnes pratiques pour être affichable auprès des professionnels comme du grand public.","","","","","","","","","",,,,,"",,,,"OffreOperationnelle.nomOffre",0,1,"",""
"ror-offre-operationnelle","ror-offre-operationnelle.typeOffre","ror-offre-operationnelle.typeOffre","","","",1,1,"","","","Coding {[]} {[]}
","Type d'offre (ex : soins, médico-social)","Le type d'offre permet de distinguer les offres et de les classer en fonction de leur nature particulière, liée à un agrément, un personnel spécialement formé ou un environnement particulièrement adapté à l'état de santé des patients.","","","","","","","","","",,"preferred","","https://mos.esante.gouv.fr/NOS/TRE_R244-CategorieOrganisation/FHIR/TRE-R244-CategorieOrganisation?vs","",,,,"OffreOperationnelle.typeOffre",0,1,"",""
"ror-offre-operationnelle","ror-offre-operationnelle.champActivite","ror-offre-operationnelle.champActivite","","","",1,1,"","","","Coding {[]} {[]}
","Champ d'activité principal de l'offre","Un champ d’activité indique le domaine dans lequel s'inscrit l'offre.","","","","","","","","","",,"preferred","","https://mos.esante.gouv.fr/NOS/TRE_R227-ChampActivite/FHIR/TRE-R227-ChampActivite?vs","",,,,"OffreOperationnelle.champActivite",0,1,"",""
"ror-offre-operationnelle","ror-offre-operationnelle.temporaliteAccueil","ror-offre-operationnelle.temporaliteAccueil","","","",0,1,"","","","Coding {[]} {[]}
","La temporalité d’accueil apporte une précision sur le mode de prise en charge. Elle indique si l'établissement médico-social accepte un accueil pour une durée limitée dans le temps, de 90 jours maximum par an.","La temporalité d’accueil apporte une précision sur le mode de prise en charge. Elle indique si l'établissement médico-social accepte un accueil pour une durée limitée dans le temps, de 90 jours maximum par an.","","","","","","","","","",,"preferred","","https://mos.esante.gouv.fr/NOS/TRE_R240-TemporaliteAccueil/FHIR/TRE-R240-TemporaliteAccueil?vs","",,,,"OffreOperationnelle.temporaliteAccueil",0,1,"",""
"ror-offre-operationnelle","ror-offre-operationnelle.modePriseEnCharge","ror-offre-operationnelle.modePriseEnCharge","","","",1,1,"","","","Coding {[]} {[]}
","Mode de prise en charge proposé","Le mode de prise en charge caractérise l'hébergement ainsi que le niveau de technicité et d'intensité des soins.","","","","","","","","","",,"preferred","","https://mos.esante.gouv.fr/NOS/TRE_R213-ModePriseEnCharge/FHIR/TRE-R213-ModePriseEnCharge?vs","",,,,"OffreOperationnelle.modePriseEnCharge",0,1,"",""
"ror-offre-operationnelle","ror-offre-operationnelle.modaliteAccueil","ror-offre-operationnelle.modaliteAccueil","","","",0,*,"","","","Coding {[]} {[]}
","Une modalité d’accueil permet de préciser le mode de prise en charge géographiquement (ex. : sur le lieu de vie), technologiquement (ex. : téléconsultation) ou organisationnellement (ex. : accueil séquentiel).","Une modalité d’accueil permet de préciser le mode de prise en charge géographiquement (ex. : sur le lieu de vie), technologiquement (ex. : téléconsultation) ou organisationnellement (ex. : accueil séquentiel).","","","","","","","","","",,"preferred","","https://mos.esante.gouv.fr/NOS/TRE_R338-ModaliteAccueil/FHIR/TRE-R338-ModaliteAccueil?vs","",,,,"OffreOperationnelle.modaliteAccueil",0,*,"",""
"ror-offre-operationnelle","ror-offre-operationnelle.modeGestion","ror-offre-operationnelle.modeGestion","","","",0,*,"","","","Coding {[]} {[]}
","Le mode de gestion indique le mode d’intervention des aides à domicile en fonction de la nature de la relation contractuelle (prestataire, mandataire).","Le mode de gestion indique le mode d’intervention des aides à domicile en fonction de la nature de la relation contractuelle (prestataire, mandataire).","","","","","","","","","",,"preferred","","https://mos.esante.gouv.fr/NOS/TRE_R236-ModeGestion/FHIR/TRE-R236-ModeGestion?vs","",,,,"OffreOperationnelle.modeGestion",0,*,"",""
"ror-offre-operationnelle","ror-offre-operationnelle.uniteSensible","ror-offre-operationnelle.uniteSensible","","","",0,1,"","","","boolean {[]} {[]}
","L’indicateur permet de signaler que toutes les informations de description d'une offre sont confidentielles car elles présentent un risque d'utilisation à des fins malveillantes. Valeurs possibles :0 = L'offre ne revêt pas de caractère sensible et confidentiel1 = L'offre revêt un caractère sensible et confidentiel","L’indicateur permet de signaler que toutes les informations de description d'une offre sont confidentielles car elles présentent un risque d'utilisation à des fins malveillantes. Valeurs possibles :0 = L'offre ne revêt pas de caractère sensible et confidentiel1 = L'offre revêt un caractère sensible et confidentiel","","","","","","","","","",,,,,"",,,,"OffreOperationnelle.uniteSensible",0,1,"",""
"ror-offre-operationnelle","ror-offre-operationnelle.acteSpecifique","ror-offre-operationnelle.acteSpecifique","","","",0,*,"","","","Coding {[]} {[]}
","Un acte spécifique est une action menée par un ou plusieurs acteur(s) de santé dans le cadre d’une activité. Cet acte peut correspondre à une technique spécialisée ou traduire une expertise discriminante dans le parcours de santé. Les actes réalisés habituellement par l'organisation ne sont pas des actes spécifiques.Les actes spécifiques décrits sont réalisés avec les ressources propres de l’organisation ou via des ressources mises à disposition dans le cadre d’une convention à la condition que ces ressources interviennent sur site dans la réalisation de la prestation.","Un acte spécifique est une action menée par un ou plusieurs acteur(s) de santé dans le cadre d’une activité. Cet acte peut correspondre à une technique spécialisée ou traduire une expertise discriminante dans le parcours de santé. Les actes réalisés habituellement par l'organisation ne sont pas des actes spécifiques.Les actes spécifiques décrits sont réalisés avec les ressources propres de l’organisation ou via des ressources mises à disposition dans le cadre d’une convention à la condition que ces ressources interviennent sur site dans la réalisation de la prestation.","","","","","","","","","",,"preferred","","https://mos.esante.gouv.fr/NOS/TRE_R210-ActeSpecifique/FHIR/TRE-R210-ActeSpecifique?vs","",,,,"OffreOperationnelle.acteSpecifique",0,*,"",""
"ror-offre-operationnelle","ror-offre-operationnelle.acteRealiseHorsCabinet","ror-offre-operationnelle.acteRealiseHorsCabinet","","","",0,*,"","","","Coding {[]} {[]}
","Ce champ est renseigné (à la place de l’attribut acteSpecifique) pour les actes spécifiques réalisés hors cabinet pour décrire l’offre de santé des médecins libéraux, au sein d’un établissement.La description des actes réalisés hors cabinet permet une orientation d'un patient vers un cabinet pour consultation préalable à la réalisation de cet acte spécifique.","Ce champ est renseigné (à la place de l’attribut acteSpecifique) pour les actes spécifiques réalisés hors cabinet pour décrire l’offre de santé des médecins libéraux, au sein d’un établissement.La description des actes réalisés hors cabinet permet une orientation d'un patient vers un cabinet pour consultation préalable à la réalisation de cet acte spécifique.","","","","","","","","","",,"preferred","","https://mos.esante.gouv.fr/NOS/TRE_R210-ActeSpecifique/FHIR/TRE-R210-ActeSpecifique?vs","",,,,"OffreOperationnelle.acteRealiseHorsCabinet",0,*,"",""
"ror-offre-operationnelle","ror-offre-operationnelle.specialisationPriseEnCharge","ror-offre-operationnelle.specialisationPriseEnCharge","","","",0,*,"","","","Coding {[]} {[]}
","Une spécialisation de prise en charge correspond à un regroupement de troubles, de pathologies ou de déficiences qui nécessitent la mobilisation d'expertises, de compétences et/ou d'équipements spécifiques pouvant être discriminants dans le choix d’orientation du patient.","Une spécialisation de prise en charge correspond à un regroupement de troubles, de pathologies ou de déficiences qui nécessitent la mobilisation d'expertises, de compétences et/ou d'équipements spécifiques pouvant être discriminants dans le choix d’orientation du patient.","","","","","","","","","",,"preferred","","https://mos.esante.gouv.fr/NOS/TRE_R245-SpecialisationDePriseEnCharge/FHIR/TRE-R245-SpecialisationDePriseEnCharge?vs","",,,,"OffreOperationnelle.specialisationPriseEnCharge",0,*,"",""
"ror-offre-operationnelle","ror-offre-operationnelle.habilitationAuxSoinsSansConsentement","ror-offre-operationnelle.habilitationAuxSoinsSansConsentement","","","",0,1,"","","","boolean {[]} {[]}
","Cet indicateur permet d'identifier les offres pour lesquelles un établissement est autorisé par le directeur général de l’ARS après avis du préfet, à prendre en charge des patients sans leur consentement.   Valeurs possibles :  0 = pas d'habilitation 1 = habilitation","Cet indicateur permet d'identifier les offres pour lesquelles un établissement est autorisé par le directeur général de l’ARS après avis du préfet, à prendre en charge des patients sans leur consentement.   Valeurs possibles :  0 = pas d'habilitation 1 = habilitation","","","","","","","","","",,,,,"",,,,"OffreOperationnelle.habilitationAuxSoinsSansConsentement",0,1,"",""
"ror-offre-operationnelle","ror-offre-operationnelle.ouvertureAnnuelle","ror-offre-operationnelle.ouvertureAnnuelle","","","",0,1,"","","","Coding {[]} {[]}
","L’ouverture annuelle indique le nombre de jours maximum dans l’année au cours desquels l'offre peut être proposée par l'établissement.","L’ouverture annuelle indique le nombre de jours maximum dans l’année au cours desquels l'offre peut être proposée par l'établissement.","","","","","","","","","",,"preferred","","https://mos.esante.gouv.fr/NOS/TRE_R238-OuvertureAnnuelle/FHIR/TRE-R238-OuvertureAnnuelle?vs","",,,,"OffreOperationnelle.ouvertureAnnuelle",0,1,"",""
"ror-offre-operationnelle","ror-offre-operationnelle.zoneIntervention","ror-offre-operationnelle.zoneIntervention","","","",0,*,"","","","https://interop.esante.gouv.fr/ig/mos/StructureDefinition/DivisionTerritoriale {[]} {[]}
","Correspond au périmètre géographique dans lequel habitent les personnes pouvant être prises en charge pour l'offre décrite. Cela inclus notamment les divisions territoriales dans lesquelles les professionnels se déplacent.","Correspond au périmètre géographique dans lequel habitent les personnes pouvant être prises en charge pour l'offre décrite. Cela inclus notamment les divisions territoriales dans lesquelles les professionnels se déplacent.","","","","","","","","","",,,,,"",,,,"OffreOperationnelle.zoneIntervention",0,*,"",""
"ror-offre-operationnelle","ror-offre-operationnelle.secteurPsychiatrique","ror-offre-operationnelle.secteurPsychiatrique","","","",0,*,"","","","string {[]} {[]}
","Le secteur de psychiatrie (ou sectorisation) correspond à une aire géographique à laquelle sont rattachées des structures de relais et de soins qui prennent en charge des patients résidants sur ce secteur. Cet attribut est le libellé du secteur de psychiatrie.Des travaux sont actuellement en cours pour structurer cette donnée comme un Lieu.","Le secteur de psychiatrie (ou sectorisation) correspond à une aire géographique à laquelle sont rattachées des structures de relais et de soins qui prennent en charge des patients résidants sur ce secteur. Cet attribut est le libellé du secteur de psychiatrie.Des travaux sont actuellement en cours pour structurer cette donnée comme un Lieu.","","","","","","","","","",,,,,"",,,,"OffreOperationnelle.secteurPsychiatrique",0,*,"",""
"ror-offre-operationnelle","ror-offre-operationnelle.professionRessource","ror-offre-operationnelle.professionRessource","","","",0,*,"","","","Coding {[]} {[]}
","La profession ressource traduit la mobilisation de métiers qui constituent un facteur différenciant dans la réalisation de l'offre.","La profession ressource traduit la mobilisation de métiers qui constituent un facteur différenciant dans la réalisation de l'offre.","","","","","","","","","",,"preferred","","https://interop.esante.gouv.fr/ig/mos/ValueSet/professionRessource-vs|0.1.0-ballot","",,,,"OffreOperationnelle.professionRessource",0,*,"",""
"ror-offre-operationnelle","ror-offre-operationnelle.competenceSpecifique","ror-offre-operationnelle.competenceSpecifique","","","",0,*,"","","","Coding {[]} {[]}
","La compétence spécifique correspond à une capacité ou connaissance reconnue qui permet ou facilite l’accueil d’une personne. La compétence spécifique n’est ni une spécialité ordinale, ni une profession.","La compétence spécifique correspond à une capacité ou connaissance reconnue qui permet ou facilite l’accueil d’une personne. La compétence spécifique n’est ni une spécialité ordinale, ni une profession.","","","","","","","","","",,"preferred","","https://mos.esante.gouv.fr/NOS/TRE_R243-CompetenceSpecifique/FHIR/TRE-R243-CompetenceSpecifique?vs","",,,,"OffreOperationnelle.competenceSpecifique",0,*,"",""
"ror-offre-operationnelle","ror-offre-operationnelle.niveauExpertise","ror-offre-operationnelle.niveauExpertise","","","",0,*,"","","","Coding {[]} {[]}
","Le niveau d'expertise atteste du niveau de ressources humaines et matérielles engagées dans la réalisation de l'offre et défini dans un cahier des charges officiel.","Le niveau d'expertise atteste du niveau de ressources humaines et matérielles engagées dans la réalisation de l'offre et défini dans un cahier des charges officiel.","","","","","","","","","",,"preferred","","https://mos.esante.gouv.fr/NOS/TRE_R344-NiveauExpertise/FHIR/TRE-R344-NiveauExpertise?vs","",,,,"OffreOperationnelle.niveauExpertise",0,*,"",""
"ror-offre-operationnelle","ror-offre-operationnelle.typeFermeture","ror-offre-operationnelle.typeFermeture","","","",0,1,"","","","Coding {[]} {[]}
","Le type de fermeture indique la temporalité d'arrêt de réalisation de l'offre.","Le type de fermeture indique la temporalité d'arrêt de réalisation de l'offre.","","","","","","","","","",,"preferred","","https://mos.esante.gouv.fr/NOS/TRE_R286-TypeFermeture/FHIR/TRE-R286-TypeFermeture?vs","",,,,"OffreOperationnelle.typeFermeture",0,1,"",""
"ror-offre-operationnelle","ror-offre-operationnelle.dateFermeture","ror-offre-operationnelle.dateFermeture","","","",0,1,"","","","date {[]} {[]}
","Date à partir de laquelle l'offre n'est plus active dans le ROR","La date de fermeture d'une offre correspond à la date effective à partir de laquelle l'offre n'est plus assurée. Cette date de fermeture est caractérisée par un type de fermeture. Lorsqu'il s'agit d'une fermeture temporaire, la date est remise à nulle lorsque l'offre est ouverte de nouveau.","","","","","","","","","",,,,,"",,,,"OffreOperationnelle.dateFermeture",0,1,"",""
"ror-offre-operationnelle","ror-offre-operationnelle.datePrevisionnelleReouverture","ror-offre-operationnelle.datePrevisionnelleReouverture","","","",0,1,"","","","date {[]} {[]}
","La date de réouverture correspond à la date prévisionnelle à partir de laquelle l'offre sera de nouveau assurée. Elle s'applique lors d'une période de fermeture temporaire.","La date de réouverture correspond à la date prévisionnelle à partir de laquelle l'offre sera de nouveau assurée. Elle s'applique lors d'une période de fermeture temporaire.","","","","","","","","","",,,,,"",,,,"OffreOperationnelle.datePrevisionnelleReouverture",0,1,"",""
"ror-offre-operationnelle","ror-offre-operationnelle.horaire","ror-offre-operationnelle.horaire","","","",0,*,"","","","https://interop.esante.gouv.fr/ig/mos/StructureDefinition/Horaire {[]} {[]}
","Décrit le planning d'activité.","Décrit le planning d'activité.","","","","","","","","","",,,,,"",,,,"OffreOperationnelle.horaire",0,*,"",""
"ror-offre-operationnelle","ror-offre-operationnelle.contact","ror-offre-operationnelle.contact","","","",0,*,"","","","https://interop.esante.gouv.fr/ig/mos/StructureDefinition/Contact {[]} {[]}
","Personne ou service qui agit comme point de contact auprès d'une autre personne ou d'un autre service. Les moyens de contact sont précisés (numéro de téléphone, fax, email, site internet).","Personne ou service qui agit comme point de contact auprès d'une autre personne ou d'un autre service. Les moyens de contact sont précisés (numéro de téléphone, fax, email, site internet).","","","","","","","","","",,,,,"",,,,"OffreOperationnelle.contact",0,*,"",""
"ror-offre-operationnelle","ror-offre-operationnelle.boiteLettreMSS","ror-offre-operationnelle.boiteLettreMSS","","","",0,*,"","","","https://interop.esante.gouv.fr/ig/mos/StructureDefinition/BoiteLettreMSS {[]} {[]}
","Boîte(s) aux lettres du service de messagerie sécurisée de santé (MSS) rattachée(s) à l’Offre opérationnelle.","Boîte(s) aux lettres du service de messagerie sécurisée de santé (MSS) rattachée(s) à l’Offre opérationnelle.","","","","","","","","","",,,,,"",,,,"OffreOperationnelle.boiteLettreMSS",0,*,"",""
"ror-offre-operationnelle","ror-offre-operationnelle.ActiviteOperationnelle","ror-offre-operationnelle.ActiviteOperationnelle","","","",1,*,"","","","Base {[]} {[]}
","Une activité opérationnelle est un ensemble cohérent d’actions et de pratiques mises en oeuvre pour participer au rétablissement ou à l’entretien de la Santé d’une personne. L’activité peut être d’ordre médical ou sanitaire, à visée sociale, ou encore de l’ordre de l’accompagnement dans le quotidien. Les activités opérationnelles peuvent être regroupées au sein de familles d’activités.Cet ensemble opérationnel est plus détaillé qu'une activité soumise à autorisation préalable de l'ARS.Dans le secteur médico-social, chaque activité est rattachée à une famille d'activités (prestation niveau 4 de Serafin).Les activités décrites sont réalisées avec les ressources propres de la structure ou mises à disposition dans le cadre d’une convention à la condition qu'elles interviennent sur site.","Une activité opérationnelle est un ensemble cohérent d’actions et de pratiques mises en oeuvre pour participer au rétablissement ou à l’entretien de la Santé d’une personne. L’activité peut être d’ordre médical ou sanitaire, à visée sociale, ou encore de l’ordre de l’accompagnement dans le quotidien. Les activités opérationnelles peuvent être regroupées au sein de familles d’activités.Cet ensemble opérationnel est plus détaillé qu'une activité soumise à autorisation préalable de l'ARS.Dans le secteur médico-social, chaque activité est rattachée à une famille d'activités (prestation niveau 4 de Serafin).Les activités décrites sont réalisées avec les ressources propres de la structure ou mises à disposition dans le cadre d’une convention à la condition qu'elles interviennent sur site.","","","","","","","","","",,,,,"",,,,"OffreOperationnelle.ActiviteOperationnelle",1,*,"",""
"ror-offre-operationnelle","ror-offre-operationnelle.ActiviteOperationnelle.activiteOperationnelle","ror-offre-operationnelle.ActiviteOperationnelle.activiteOperationnelle","","","",0,1,"","","","Coding {[]} {[]}
","Code définissant l’activité opérationnelle d’une Offre opérationnelle (offre de soin).","Code définissant l’activité opérationnelle d’une Offre opérationnelle (offre de soin).","","","","","","","","","",,"preferred","","https://mos.esante.gouv.fr/NOS/TRE_R211-ActiviteOperationnelle/FHIR/TRE-R211-ActiviteOperationnelle?vs","",,,,"OffreOperationnelle.ActiviteOperationnelle.activiteOperationnelle",0,1,"",""
"ror-offre-operationnelle","ror-offre-operationnelle.SituationOperationnelle","ror-offre-operationnelle.SituationOperationnelle","","","",0,*,"","","","https://interop.esante.gouv.fr/ig/mos/StructureDefinition/SituationOperationnelle {[]} {[]}
","Lien vers la classe SituationOperationnelle","Lien vers la classe SituationOperationnelle","","","","","","","","","",,,,,"",,,,"OffreOperationnelle.SituationOperationnelle",0,*,"",""
"ror-offre-operationnelle","ror-offre-operationnelle.Patientele","ror-offre-operationnelle.Patientele","","","",1,1,"","","","https://interop.esante.gouv.fr/ig/mos/StructureDefinition/Patientele {[]} {[]}
","Lien vers la classe Patientele","Lien vers la classe Patientele","","","","","","","","","",,,,,"",,,,"OffreOperationnelle.Patientele",1,1,"",""
"ror-offre-operationnelle","ror-offre-operationnelle.EntiteGeographique","ror-offre-operationnelle.EntiteGeographique","","","",0,1,"","","","https://interop.esante.gouv.fr/ig/mos/StructureDefinition/EntiteGeographique {[]} {[]}
","Lien vers la classe EntiteGeographique","Lien vers la classe EntiteGeographique","","","","","","","","","",,,,,"",,,,"OffreOperationnelle.EntiteGeographique",0,1,"",""
"ror-offre-operationnelle","ror-offre-operationnelle.LieuRealisationOffre","ror-offre-operationnelle.LieuRealisationOffre","","","",1,*,"","","","https://interop.esante.gouv.fr/ig/mos/StructureDefinition/LieuRealisationOffre {[]} {[]}
","Lien vers la classe LieuRealisationOffre","Lien vers la classe LieuRealisationOffre","","","","","","","","","",,,,,"",,,,"OffreOperationnelle.LieuRealisationOffre",1,*,"",""
"ror-offre-operationnelle","ror-offre-operationnelle.OrganisationInterne","ror-offre-operationnelle.OrganisationInterne","","","",0,1,"","","","https://interop.esante.gouv.fr/ig/mos/StructureDefinition/OrganisationInterne {[]} {[]}
","Lien vers la classe OrganisationInterne","Lien vers la classe OrganisationInterne","","","","","","","","","",,,,,"",,,,"OffreOperationnelle.OrganisationInterne",0,1,"",""
"ror-offre-operationnelle","ror-offre-operationnelle.dateOuverture","ror-offre-operationnelle.dateOuverture","","","",0,1,"","","","date {[]} {[]}
","Date à partir de laquelle l'offre est active dans le ROR","Date d'ouverture de l'offre","","","","","","","","","",,,,,"",,,,"ror-offre-operationnelle.dateOuverture",0,1,"",""
"ror-offre-operationnelle","ror-offre-operationnelle.entiteGeographique","ror-offre-operationnelle.entiteGeographique","","","",1,1,"","","","Reference {[]} {[CanonicalType[https://interop.esante.gouv.fr/ig/fhir/test-ror/StructureDefinition/ror-entite-geographique|0.1.0]]}
","Lieu de réalisation de l'offre","Entité géographique où l'offre est réalisée","","","","","","","","","",,,,,"",,,,"ror-offre-operationnelle.entiteGeographique",1,1,"",""
"ror-offre-operationnelle","ror-offre-operationnelle.organisationInterne","ror-offre-operationnelle.organisationInterne","","","",0,1,"","","","Reference {[]} {[CanonicalType[https://interop.esante.gouv.fr/ig/fhir/test-ror/StructureDefinition/ror-organisation-interne|0.1.0]]}
","Pôle, service ou unité qui porte l'offre","Organisation interne porteuse de l'offre","","","","","","","","","",,,,,"",,,,"ror-offre-operationnelle.organisationInterne",0,1,"",""
"ror-offre-operationnelle","ror-offre-operationnelle.tarifInformation","ror-offre-operationnelle.tarifInformation","","","",0,1,"","","","string {[]} {[]}
","Information sur les tarifs pratiqués (texte libre)","Information tarifaire","","","","","","","","","",,,,,"",,,,"ror-offre-operationnelle.tarifInformation",0,1,"",""
"ror-organisation-interne","ror-organisation-interne","ror-organisation-interne","","","",0,*,"","","","null {[]} {[]}
","ROR - Organisation Interne","Modèle logique ROR représentant une organisation interne d'une structure de santé (pôle, service, unité fonctionnelle). Cette entité n'existe pas dans le MOS et est propre au ROR.","","","","","","","","","",,,,,"",,,,"Base",0,*,"",""
"ror-organisation-interne","ror-organisation-interne.identifiant","ror-organisation-interne.identifiant","","","",1,1,"","","","Identifier {[]} {[]}
","Identifiant unique dans le ROR","Identifiant de l'organisation interne","","","","","","","","","",,,,,"",,,,"ror-organisation-interne.identifiant",1,1,"",""
"ror-organisation-interne","ror-organisation-interne.nom","ror-organisation-interne.nom","","","",1,1,"","","","string {[]} {[]}
","Libellé du pôle, service ou unité","Nom de l'organisation interne","","","","","","","","","",,,,,"",,,,"ror-organisation-interne.nom",1,1,"",""
"ror-organisation-interne","ror-organisation-interne.type","ror-organisation-interne.type","","","",1,1,"","","","Coding {[]} {[]}
","Pôle | Service | Unité fonctionnelle | Unité de soins","Type d'organisation interne","","","","","","","","","",,"extensible","Type d'organisation interne ROR","","",,,,"ror-organisation-interne.type",1,1,"",""
"ror-organisation-interne","ror-organisation-interne.entiteGeographiqueRattachement","ror-organisation-interne.entiteGeographiqueRattachement","","","",1,1,"","","","Reference {[]} {[CanonicalType[https://interop.esante.gouv.fr/ig/fhir/test-ror/StructureDefinition/ror-entite-geographique|0.1.0]]}
","Entité géographique à laquelle appartient cette organisation","Entité géographique de rattachement","","","","","","","","","",,,,,"",,,,"ror-organisation-interne.entiteGeographiqueRattachement",1,1,"",""
"ror-organisation-interne","ror-organisation-interne.responsable","ror-organisation-interne.responsable","","","",0,1,"","","","BackboneElement {[]} {[]}
","Professionnel responsable du pôle ou service","Responsable de l'organisation","","","","","","","","","",,,,,"",,,,"ror-organisation-interne.responsable",0,1,"","ele-1:All FHIR elements must have a @value or children {hasValue() or (children().count() > id.count())}
"
"ror-organisation-interne","ror-organisation-interne.responsable.id","ror-organisation-interne.responsable.id","","","",0,1,"","","","string {[]} {[]}
","Unique id for inter-element referencing","Unique id for the element within a resource (for internal references). This may be any string value that does not contain spaces.","","","","","","","","","",,,,,"",,,,"Element.id",0,1,"",""
"ror-organisation-interne","ror-organisation-interne.responsable.extension","ror-organisation-interne.responsable.extension","","extensions
user content","",0,*,"","","","Extension {[]} {[]}
","Additional content defined by implementations","May be used to represent additional information that is not part of the basic definition of the element. To make the use of extensions safe and manageable, there is a strict set of governance  applied to the definition and use of extensions. Though any implementer can define an extension, there is a set of requirements that SHALL be met as part of the definition of the extension.","There can be no stigma associated with the use of extensions by any application, project, or standard - regardless of the institution or jurisdiction that uses or defines the extensions.  The use of extensions is what allows the FHIR specification to retain a core level of simplicity for everyone.","","","","","","","","",,,,,"","value:url}
","Extensions are always sliced by (at least) url",,"open","Element.extension",0,*,"","ele-1:All FHIR elements must have a @value or children {hasValue() or (children().count() > id.count())}
ext-1:Must have either extensions or value[x], not both {extension.exists() != value.exists()}"
"ror-organisation-interne","ror-organisation-interne.responsable.modifierExtension","ror-organisation-interne.responsable.modifierExtension","","extensions
user contentmodifiers","",0,*,"","Y","Y","Extension {[]} {[]}
","Extensions that cannot be ignored even if unrecognized","May be used to represent additional information that is not part of the basic definition of the element and that modifies the understanding of the element in which it is contained and/or the understanding of the containing element's descendants. Usually modifier elements provide negation or qualification. To make the use of extensions safe and manageable, there is a strict set of governance applied to the definition and use of extensions. Though any implementer can define an extension, there is a set of requirements that SHALL be met as part of the definition of the extension. Applications processing a resource are required to check for modifier extensions.

Modifier extensions SHALL NOT change the meaning of any elements on Resource or DomainResource (including cannot change the meaning of modifierExtension itself).","There can be no stigma associated with the use of extensions by any application, project, or standard - regardless of the institution or jurisdiction that uses or defines the extensions.  The use of extensions is what allows the FHIR specification to retain a core level of simplicity for everyone.","Modifier extensions allow for extensions that *cannot* be safely ignored to be clearly distinguished from the vast majority of extensions which can be safely ignored.  This promotes interoperability by eliminating the need for implementers to prohibit the presence of extensions. For further information, see the [definition of modifier extensions](http://hl7.org/fhir/R4/extensibility.html#modifierExtension).","","","","","","","",,,,,"",,,,"BackboneElement.modifierExtension",0,*,"","ele-1:All FHIR elements must have a @value or children {hasValue() or (children().count() > id.count())}
ext-1:Must have either extensions or value[x], not both {extension.exists() != value.exists()}"
"ror-organisation-interne","ror-organisation-interne.responsable.nom","ror-organisation-interne.responsable.nom","","","",1,1,"","","","string {[]} {[]}
","Nom du responsable","Nom du responsable","","","","","","","","","",,,,,"",,,,"ror-organisation-interne.responsable.nom",1,1,"",""
"ror-organisation-interne","ror-organisation-interne.responsable.prenom","ror-organisation-interne.responsable.prenom","","","",0,1,"","","","string {[]} {[]}
","Prénom du responsable","Prénom du responsable","","","","","","","","","",,,,,"",,,,"ror-organisation-interne.responsable.prenom",0,1,"",""
"ror-organisation-interne","ror-organisation-interne.responsable.rpps","ror-organisation-interne.responsable.rpps","","","",0,1,"","","","string {[]} {[]}
","Numéro RPPS du responsable","Numéro RPPS du responsable","","","","","","","","","",,,,,"",,,,"ror-organisation-interne.responsable.rpps",0,1,"",""
"ror-organisation-interne","ror-organisation-interne.offres","ror-organisation-interne.offres","","","",0,*,"","","","Reference {[]} {[CanonicalType[https://interop.esante.gouv.fr/ig/fhir/test-ror/StructureDefinition/ror-offre-operationnelle|0.1.0]]}
","Offres opérationnelles rattachées à cette organisation interne","Offres portées par cette organisation","","","","","","","","","",,,,,"",,,,"ror-organisation-interne.offres",0,*,"",""
"ror-organisation-interne","ror-organisation-interne.dateMiseAJour","ror-organisation-interne.dateMiseAJour","","","",0,1,"","","","dateTime {[]} {[]}
","Horodatage de la dernière modification dans le ROR","Date de mise à jour de la fiche","","","","","","","","","",,,,,"",,,,"ror-organisation-interne.dateMiseAJour",0,1,"",""
